filename,width,height,class,xmin,ymin,xmax,ymax
000164.jpg.jpg,640,480,pedestrian,50,201,84,298
000164.jpg.jpg,640,480,pedestrian,171,209,199,279
000164.jpg.jpg,640,480,pedestrian,155,216,178,272
000164.jpg.jpg,640,480,pedestrian,350,213,384,287
000164.jpg.jpg,640,480,pedestrian,333,229,359,285
000164.jpg.jpg,640,480,pedestrian,259,225,282,270
000164.jpg.jpg,640,480,pedestrian,597,199,640,304
000164.jpg.jpg,640,480,pedestrian,580,196,617,299
a7aa4a76111246759542197eca13289b.jpg.jpg,560,373,pedestrian,89,184,136,296
a7aa4a76111246759542197eca13289b.jpg.jpg,560,373,pedestrian,161,175,210,295
a7aa4a76111246759542197eca13289b.jpg.jpg,560,373,pedestrian,205,171,241,259
a7aa4a76111246759542197eca13289b.jpg.jpg,560,373,pedestrian,239,172,271,259
a7aa4a76111246759542197eca13289b.jpg.jpg,560,373,pedestrian,272,188,293,262
a7aa4a76111246759542197eca13289b.jpg.jpg,560,373,pedestrian,429,158,491,331
000200.jpg.jpg,1920,1080,pedestrian,222,346,281,475
000200.jpg.jpg,1920,1080,pedestrian,509,315,583,507
000200.jpg.jpg,1920,1080,pedestrian,713,321,766,468
000200.jpg.jpg,1920,1080,pedestrian,777,334,821,470
000200.jpg.jpg,1920,1080,pedestrian,879,346,936,499
000200.jpg.jpg,1920,1080,pedestrian,1075,309,1166,558
000200.jpg.jpg,1920,1080,pedestrian,1379,305,1597,950
000200.jpg.jpg,1920,1080,pedestrian,1619,285,1866,952
000331.jpg.jpg,640,480,pedestrian,162,185,230,326
000331.jpg.jpg,640,480,pedestrian,226,176,277,332
000331.jpg.jpg,640,480,pedestrian,284,203,321,288
000331.jpg.jpg,640,480,pedestrian,398,165,473,330
000331.jpg.jpg,640,480,pedestrian,463,175,528,335
000140.jpg.jpg,1920,1080,pedestrian,50,362,154,621
000140.jpg.jpg,1920,1080,pedestrian,152,413,226,617
000140.jpg.jpg,1920,1080,pedestrian,422,387,548,675
000140.jpg.jpg,1920,1080,pedestrian,554,372,750,962
000140.jpg.jpg,1920,1080,pedestrian,770,301,977,901
000140.jpg.jpg,1920,1080,pedestrian,964,330,1175,891
000140.jpg.jpg,1920,1080,pedestrian,1601,303,1726,664
000140.jpg.jpg,1920,1080,pedestrian,1838,336,1920,650
000140.jpg.jpg,1920,1080,pedestrian,1483,348,1579,591
000409.jpg.jpg,640,480,pedestrian,9,152,73,336
000409.jpg.jpg,640,480,pedestrian,67,155,127,335
000409.jpg.jpg,640,480,pedestrian,135,194,173,289
000121.jpg.jpg,640,480,pedestrian,22,157,97,335
000121.jpg.jpg,640,480,pedestrian,174,104,272,397
000121.jpg.jpg,640,480,pedestrian,129,162,180,324
000121.jpg.jpg,640,480,pedestrian,335,141,401,349
000121.jpg.jpg,640,480,pedestrian,356,96,506,443
000121.jpg.jpg,640,480,pedestrian,505,144,626,480
1ada0f6433d64839abdbd4d1a13c809a.jpg.jpg,500,334,pedestrian,292,95,352,226
1ada0f6433d64839abdbd4d1a13c809a.jpg.jpg,500,334,pedestrian,323,107,437,334
b3a542e6f9704b2f8fa8f1c25c921595.jpg.jpg,660,438,pedestrian,157,290,179,350
b3a542e6f9704b2f8fa8f1c25c921595.jpg.jpg,660,438,pedestrian,198,271,220,328
b3a542e6f9704b2f8fa8f1c25c921595.jpg.jpg,660,438,pedestrian,224,270,246,317
b3a542e6f9704b2f8fa8f1c25c921595.jpg.jpg,660,438,pedestrian,230,307,256,366
b3a542e6f9704b2f8fa8f1c25c921595.jpg.jpg,660,438,pedestrian,262,265,291,316
b3a542e6f9704b2f8fa8f1c25c921595.jpg.jpg,660,438,pedestrian,324,296,358,361
b3a542e6f9704b2f8fa8f1c25c921595.jpg.jpg,660,438,pedestrian,445,292,478,365
b3a542e6f9704b2f8fa8f1c25c921595.jpg.jpg,660,438,pedestrian,494,293,513,352
b3a542e6f9704b2f8fa8f1c25c921595.jpg.jpg,660,438,pedestrian,512,294,537,370
b3a542e6f9704b2f8fa8f1c25c921595.jpg.jpg,660,438,pedestrian,630,266,650,315
b3a542e6f9704b2f8fa8f1c25c921595.jpg.jpg,660,438,pedestrian,55,272,80,326
000950.jpg.jpg,640,480,pedestrian,93,167,165,323
000950.jpg.jpg,640,480,pedestrian,169,173,219,312
000950.jpg.jpg,640,480,pedestrian,210,167,284,336
000950.jpg.jpg,640,480,pedestrian,373,149,489,409
000950.jpg.jpg,640,480,pedestrian,514,141,621,399
000311.jpg.jpg,640,480,pedestrian,37,71,153,441
000311.jpg.jpg,640,480,pedestrian,138,55,289,480
000311.jpg.jpg,640,480,pedestrian,297,146,382,330
000311.jpg.jpg,640,480,pedestrian,357,186,421,322
000311.jpg.jpg,640,480,pedestrian,394,153,454,319
000311.jpg.jpg,640,480,pedestrian,489,112,636,434
000007.jpg.jpg,1224,370,pedestrian,461,156,571,369
000007.jpg.jpg,1224,370,pedestrian,554,143,622,348
000179.jpg.jpg,640,480,pedestrian,151,111,219,274
000179.jpg.jpg,640,480,pedestrian,256,85,306,252
000179.jpg.jpg,640,480,pedestrian,315,109,370,254
000179.jpg.jpg,640,480,pedestrian,369,115,424,261
000179.jpg.jpg,640,480,pedestrian,419,107,482,264
000051.jpg.jpg,640,480,pedestrian,168,183,209,290
000051.jpg.jpg,640,480,pedestrian,262,213,276,254
000051.jpg.jpg,640,480,pedestrian,325,205,348,266
000051.jpg.jpg,640,480,pedestrian,350,211,370,263
000051.jpg.jpg,640,480,pedestrian,475,206,505,278
000051.jpg.jpg,640,480,pedestrian,228,210,249,255
8b21229984dd469ca0b2dd40ab73450f.jpg.jpg,960,640,pedestrian,164,105,303,531
8b21229984dd469ca0b2dd40ab73450f.jpg.jpg,960,640,pedestrian,365,291,423,447
8b21229984dd469ca0b2dd40ab73450f.jpg.jpg,960,640,pedestrian,455,289,495,451
8b21229984dd469ca0b2dd40ab73450f.jpg.jpg,960,640,pedestrian,622,244,700,465
8b21229984dd469ca0b2dd40ab73450f.jpg.jpg,960,640,pedestrian,774,215,870,460
8b21229984dd469ca0b2dd40ab73450f.jpg.jpg,960,640,pedestrian,532,304,583,429
8b21229984dd469ca0b2dd40ab73450f.jpg.jpg,960,640,pedestrian,575,300,623,444
3979636ec8754bb990aa692b176e831a.jpg.jpg,1280,720,pedestrian,230,248,431,720
3979636ec8754bb990aa692b176e831a.jpg.jpg,1280,720,pedestrian,400,247,510,575
3979636ec8754bb990aa692b176e831a.jpg.jpg,1280,720,pedestrian,511,244,580,439
3979636ec8754bb990aa692b176e831a.jpg.jpg,1280,720,pedestrian,565,229,619,401
3979636ec8754bb990aa692b176e831a.jpg.jpg,1280,720,pedestrian,627,223,768,558
3979636ec8754bb990aa692b176e831a.jpg.jpg,1280,720,pedestrian,752,227,854,548
3979636ec8754bb990aa692b176e831a.jpg.jpg,1280,720,pedestrian,932,263,1073,631
3979636ec8754bb990aa692b176e831a.jpg.jpg,1280,720,pedestrian,1089,248,1215,626
72fc2bdf0b3549738a3295b738713ae5.jpg.jpg,600,336,pedestrian,110,108,150,233
72fc2bdf0b3549738a3295b738713ae5.jpg.jpg,600,336,pedestrian,196,113,243,253
72fc2bdf0b3549738a3295b738713ae5.jpg.jpg,600,336,pedestrian,231,122,308,336
72fc2bdf0b3549738a3295b738713ae5.jpg.jpg,600,336,pedestrian,149,118,181,197
72fc2bdf0b3549738a3295b738713ae5.jpg.jpg,600,336,pedestrian,440,119,518,335
72fc2bdf0b3549738a3295b738713ae5.jpg.jpg,600,336,pedestrian,508,125,578,332
72fc2bdf0b3549738a3295b738713ae5.jpg.jpg,600,336,pedestrian,337,119,421,316
e38cd52afa9d4080acea317b04e75ce9.jpg.jpg,800,532,pedestrian,40,204,141,479
e38cd52afa9d4080acea317b04e75ce9.jpg.jpg,800,532,pedestrian,169,205,245,388
e38cd52afa9d4080acea317b04e75ce9.jpg.jpg,800,532,pedestrian,465,209,601,502
e38cd52afa9d4080acea317b04e75ce9.jpg.jpg,800,532,pedestrian,593,199,734,490
e38cd52afa9d4080acea317b04e75ce9.jpg.jpg,800,532,pedestrian,401,196,468,370
e38cd52afa9d4080acea317b04e75ce9.jpg.jpg,800,532,pedestrian,296,218,361,382
000149.jpg.jpg,640,480,pedestrian,1,81,99,385
000149.jpg.jpg,640,480,pedestrian,136,50,280,468
000149.jpg.jpg,640,480,pedestrian,299,60,431,428
000149.jpg.jpg,640,480,pedestrian,435,139,519,355
000149.jpg.jpg,640,480,pedestrian,586,164,636,272
000129.jpg.jpg,1224,370,pedestrian,698,125,789,366
000129.jpg.jpg,1224,370,pedestrian,794,158,874,370
000129.jpg.jpg,1224,370,pedestrian,948,155,1028,315
000230.jpg.jpg,1920,1080,pedestrian,232,307,485,905
000230.jpg.jpg,1920,1080,pedestrian,426,277,648,961
000230.jpg.jpg,1920,1080,pedestrian,624,293,807,840
000230.jpg.jpg,1920,1080,pedestrian,773,274,1013,860
000230.jpg.jpg,1920,1080,pedestrian,1068,407,1244,750
000230.jpg.jpg,1920,1080,pedestrian,1209,344,1362,758
000230.jpg.jpg,1920,1080,pedestrian,1475,544,1548,697
000230.jpg.jpg,1920,1080,pedestrian,1499,421,1622,699
000230.jpg.jpg,1920,1080,pedestrian,1677,413,1768,650
000103.jpg.jpg,1224,370,pedestrian,603,131,659,276
000103.jpg.jpg,1224,370,pedestrian,659,148,707,271
000103.jpg.jpg,1224,370,pedestrian,748,154,798,259
000103.jpg.jpg,1224,370,pedestrian,949,144,1051,370
000550.jpg.jpg,640,480,pedestrian,95,102,179,308
000550.jpg.jpg,640,480,pedestrian,191,111,258,300
000550.jpg.jpg,640,480,pedestrian,252,1,436,480
000550.jpg.jpg,640,480,pedestrian,524,50,638,454
000550.jpg.jpg,640,480,pedestrian,481,111,549,357
8128a332c3184caa853ae0900be744f9.jpg.jpg,580,350,pedestrian,44,1,237,258
8128a332c3184caa853ae0900be744f9.jpg.jpg,580,350,pedestrian,230,1,407,264
8128a332c3184caa853ae0900be744f9.jpg.jpg,580,350,pedestrian,353,1,569,335
000151.jpg.jpg,1920,1080,pedestrian,64,354,177,591
000151.jpg.jpg,1920,1080,pedestrian,330,372,385,501
000151.jpg.jpg,1920,1080,pedestrian,797,370,848,472
000151.jpg.jpg,1920,1080,pedestrian,897,358,942,485
000151.jpg.jpg,1920,1080,pedestrian,1003,362,1072,525
000151.jpg.jpg,1920,1080,pedestrian,1095,326,1166,507
000151.jpg.jpg,1920,1080,pedestrian,1,383,62,595
000232.jpg.jpg,1920,1080,pedestrian,746,407,1060,1009
000232.jpg.jpg,1920,1080,pedestrian,1121,436,1268,793
000232.jpg.jpg,1920,1080,pedestrian,915,421,1070,854
000232.jpg.jpg,1920,1080,pedestrian,607,442,683,632
000016.jpg.jpg,768,576,pedestrian,335,199,381,287
000016.jpg.jpg,768,576,pedestrian,441,172,480,250
000016.jpg.jpg,768,576,pedestrian,496,230,528,324
000016.jpg.jpg,768,576,pedestrian,709,285,761,404
a8d3edd3d59b41f0bceaec8655716c7b.jpg.jpg,940,381,pedestrian,42,97,186,345
a8d3edd3d59b41f0bceaec8655716c7b.jpg.jpg,940,381,pedestrian,475,40,610,370
000101.jpg.jpg,640,480,pedestrian,251,208,282,281
000101.jpg.jpg,640,480,pedestrian,299,213,320,267
000101.jpg.jpg,640,480,pedestrian,315,216,338,268
000101.jpg.jpg,640,480,pedestrian,394,200,423,285
000101.jpg.jpg,640,480,pedestrian,417,196,445,283
000101.jpg.jpg,640,480,pedestrian,439,138,542,389
000101.jpg.jpg,640,480,pedestrian,541,158,631,382
000101.jpg.jpg,640,480,pedestrian,228,207,254,271
231667770c25401a87c0d5f208a0b6c9.jpg.jpg,640,446,pedestrian,124,64,194,322
231667770c25401a87c0d5f208a0b6c9.jpg.jpg,640,446,pedestrian,191,66,281,385
231667770c25401a87c0d5f208a0b6c9.jpg.jpg,640,446,pedestrian,286,77,364,387
231667770c25401a87c0d5f208a0b6c9.jpg.jpg,640,446,pedestrian,339,53,445,392
231667770c25401a87c0d5f208a0b6c9.jpg.jpg,640,446,pedestrian,450,69,609,427
000518.jpg.jpg,1238,374,pedestrian,225,162,307,355
000518.jpg.jpg,1238,374,pedestrian,727,166,803,372
000518.jpg.jpg,1238,374,pedestrian,793,161,879,372
6fc4557cdc9849ffba0260ef5dd28b29.jpg.jpg,960,640,pedestrian,368,146,546,614
de220765a25849819a1f14ced5a54a56.jpg.jpg,1500,1101,pedestrian,56,100,489,989
de220765a25849819a1f14ced5a54a56.jpg.jpg,1500,1101,pedestrian,889,76,1107,524
de220765a25849819a1f14ced5a54a56.jpg.jpg,1500,1101,pedestrian,421,46,638,573
000100.jpg.jpg,1920,1080,pedestrian,324,454,426,711
000100.jpg.jpg,1920,1080,pedestrian,464,423,595,713
000100.jpg.jpg,1920,1080,pedestrian,1052,309,1219,756
000100.jpg.jpg,1920,1080,pedestrian,1362,313,1611,879
000100.jpg.jpg,1920,1080,pedestrian,1597,236,1864,885
000049.jpg.jpg,640,480,pedestrian,16,151,100,361
000049.jpg.jpg,640,480,pedestrian,123,140,199,363
000049.jpg.jpg,640,480,pedestrian,265,180,313,320
000049.jpg.jpg,640,480,pedestrian,312,191,353,315
000049.jpg.jpg,640,480,pedestrian,234,223,249,263
000451.jpg.jpg,1920,1080,pedestrian,321,240,544,693
000451.jpg.jpg,1920,1080,pedestrian,1191,285,1270,530
000451.jpg.jpg,1920,1080,pedestrian,905,323,962,479
000451.jpg.jpg,1920,1080,pedestrian,793,317,872,479
b54bf10de2824a008eb3a1a673d137b2.jpg.jpg,990,485,pedestrian,421,1,789,446
b54bf10de2824a008eb3a1a673d137b2.jpg.jpg,990,485,pedestrian,2,1,321,470
8f29af84faf4421ba2b2b9efcb69ba76.jpg.jpg,1580,1098,pedestrian,363,1,722,713
8f29af84faf4421ba2b2b9efcb69ba76.jpg.jpg,1580,1098,pedestrian,667,1,937,697
8f29af84faf4421ba2b2b9efcb69ba76.jpg.jpg,1580,1098,pedestrian,1,1,383,724
000098.jpg.jpg,640,480,pedestrian,184,93,246,253
000098.jpg.jpg,640,480,pedestrian,321,91,397,266
000098.jpg.jpg,640,480,pedestrian,388,105,444,242
000098.jpg.jpg,640,480,pedestrian,543,101,623,276
d8dd5ee3d3bc4c62a330d6f91be50b45.jpg.jpg,600,350,pedestrian,264,85,328,220
d8dd5ee3d3bc4c62a330d6f91be50b45.jpg.jpg,600,350,pedestrian,329,59,388,195
d8dd5ee3d3bc4c62a330d6f91be50b45.jpg.jpg,600,350,pedestrian,380,17,429,158
d8dd5ee3d3bc4c62a330d6f91be50b45.jpg.jpg,600,350,pedestrian,423,118,470,272
d8dd5ee3d3bc4c62a330d6f91be50b45.jpg.jpg,600,350,pedestrian,501,115,562,262
d8dd5ee3d3bc4c62a330d6f91be50b45.jpg.jpg,600,350,pedestrian,130,116,211,268
d8dd5ee3d3bc4c62a330d6f91be50b45.jpg.jpg,600,350,pedestrian,210,52,250,186
2ba201b4d6ae4ab093bf0909417e38f5.jpg.jpg,958,1024,pedestrian,13,464,127,863
2ba201b4d6ae4ab093bf0909417e38f5.jpg.jpg,958,1024,pedestrian,109,501,207,869
2ba201b4d6ae4ab093bf0909417e38f5.jpg.jpg,958,1024,pedestrian,196,479,327,836
2ba201b4d6ae4ab093bf0909417e38f5.jpg.jpg,958,1024,pedestrian,578,499,634,644
2ba201b4d6ae4ab093bf0909417e38f5.jpg.jpg,958,1024,pedestrian,632,488,685,642
2ba201b4d6ae4ab093bf0909417e38f5.jpg.jpg,958,1024,pedestrian,690,495,721,588
2ba201b4d6ae4ab093bf0909417e38f5.jpg.jpg,958,1024,pedestrian,741,452,765,526
fe36ec14d0ab43e5a60de27764f5bfae.jpg.jpg,612,277,pedestrian,265,20,375,237
000548.jpg.jpg,640,480,pedestrian,93,119,182,357
000548.jpg.jpg,640,480,pedestrian,180,161,222,295
000548.jpg.jpg,640,480,pedestrian,221,174,265,296
000548.jpg.jpg,640,480,pedestrian,269,180,315,295
000548.jpg.jpg,640,480,pedestrian,334,102,404,378
000548.jpg.jpg,640,480,pedestrian,75,177,112,288
000548.jpg.jpg,640,480,pedestrian,343,1,598,480
000697.jpg.jpg,1238,374,pedestrian,432,158,505,318
000697.jpg.jpg,1238,374,pedestrian,488,170,536,283
000697.jpg.jpg,1238,374,pedestrian,869,139,948,294
000445.jpg.jpg,768,576,pedestrian,295,201,334,295
000445.jpg.jpg,768,576,pedestrian,484,175,520,250
000445.jpg.jpg,768,576,pedestrian,581,247,625,351
b8b6ea0736014d4a88a37458bc5b51ba.jpg.jpg,450,353,pedestrian,147,1,289,277
b8b6ea0736014d4a88a37458bc5b51ba.jpg.jpg,450,353,pedestrian,270,1,396,266
15e4239033c3490c8cdb9a6ca836e687.jpg.jpg,640,298,pedestrian,198,26,311,297
15e4239033c3490c8cdb9a6ca836e687.jpg.jpg,640,298,pedestrian,300,37,381,260
15e4239033c3490c8cdb9a6ca836e687.jpg.jpg,640,298,pedestrian,417,24,536,239
000823.jpg.jpg,640,480,pedestrian,168,188,206,311
000823.jpg.jpg,640,480,pedestrian,197,181,234,296
000823.jpg.jpg,640,480,pedestrian,443,183,510,335
000823.jpg.jpg,640,480,pedestrian,588,196,627,325
000823.jpg.jpg,640,480,pedestrian,559,199,591,312
000823.jpg.jpg,640,480,pedestrian,371,225,386,258
000600.jpg.jpg,1920,1080,pedestrian,738,315,813,485
000600.jpg.jpg,1920,1080,pedestrian,826,317,885,491
000600.jpg.jpg,1920,1080,pedestrian,1264,319,1338,470
000600.jpg.jpg,1920,1080,pedestrian,1607,215,1811,821
000600.jpg.jpg,1920,1080,pedestrian,64,323,122,430
000600.jpg.jpg,1920,1080,pedestrian,15,326,60,430
000300.jpg.jpg,1920,1080,pedestrian,344,252,417,446
000300.jpg.jpg,1920,1080,pedestrian,303,266,362,442
000300.jpg.jpg,1920,1080,pedestrian,836,232,919,442
000300.jpg.jpg,1920,1080,pedestrian,1113,266,1177,413
000300.jpg.jpg,1920,1080,pedestrian,1040,244,1087,395
000300.jpg.jpg,1920,1080,pedestrian,1450,193,1732,968
000300.jpg.jpg,1920,1080,pedestrian,1707,164,1920,976
000300.jpg.jpg,1920,1080,pedestrian,146,268,203,409
000755.jpg.jpg,640,480,pedestrian,8,59,134,428
000755.jpg.jpg,640,480,pedestrian,118,41,261,448
000755.jpg.jpg,640,480,pedestrian,404,113,501,403
000755.jpg.jpg,640,480,pedestrian,343,211,367,267
000755.jpg.jpg,640,480,pedestrian,275,207,300,263
000554.jpg.jpg,640,480,pedestrian,62,125,172,383
000554.jpg.jpg,640,480,pedestrian,4,130,65,344
000554.jpg.jpg,640,480,pedestrian,332,178,400,324
000554.jpg.jpg,640,480,pedestrian,397,231,448,328
000347.jpg.jpg,640,480,pedestrian,21,124,123,409
000347.jpg.jpg,640,480,pedestrian,117,111,215,417
000347.jpg.jpg,640,480,pedestrian,223,196,261,302
000347.jpg.jpg,640,480,pedestrian,265,187,307,302
000347.jpg.jpg,640,480,pedestrian,399,165,475,328
000347.jpg.jpg,640,480,pedestrian,473,181,542,338
000347.jpg.jpg,640,480,pedestrian,561,201,612,316
ca2b547d171d4a86a0731ba28e8585b1.jpg.jpg,2000,1000,pedestrian,707,13,1269,1000
ca2b547d171d4a86a0731ba28e8585b1.jpg.jpg,2000,1000,pedestrian,1370,468,1446,625
ca2b547d171d4a86a0731ba28e8585b1.jpg.jpg,2000,1000,pedestrian,842,460,934,645
ca2b547d171d4a86a0731ba28e8585b1.jpg.jpg,2000,1000,pedestrian,432,502,499,647
ca2b547d171d4a86a0731ba28e8585b1.jpg.jpg,2000,1000,pedestrian,356,490,424,647
ca2b547d171d4a86a0731ba28e8585b1.jpg.jpg,2000,1000,pedestrian,1503,484,1570,633
ca2b547d171d4a86a0731ba28e8585b1.jpg.jpg,2000,1000,pedestrian,1656,474,1750,623
ca2b547d171d4a86a0731ba28e8585b1.jpg.jpg,2000,1000,pedestrian,1893,470,1954,615
000037.jpg.jpg,1224,370,pedestrian,458,130,577,370
000037.jpg.jpg,1224,370,pedestrian,579,149,656,370
000037.jpg.jpg,1224,370,pedestrian,676,159,773,359
000037.jpg.jpg,1224,370,pedestrian,546,146,573,219
6107020efcba4049b7efe7c876a005a5.jpg.jpg,1880,1200,pedestrian,539,582,718,1111
6107020efcba4049b7efe7c876a005a5.jpg.jpg,1880,1200,pedestrian,695,534,874,1116
6107020efcba4049b7efe7c876a005a5.jpg.jpg,1880,1200,pedestrian,843,536,939,745
000250.jpg.jpg,640,480,pedestrian,101,7,304,480
000250.jpg.jpg,640,480,pedestrian,314,117,388,307
000250.jpg.jpg,640,480,pedestrian,412,168,452,287
000250.jpg.jpg,640,480,pedestrian,458,91,595,454
000054.jpg.jpg,1920,1080,pedestrian,324,385,422,634
000054.jpg.jpg,1920,1080,pedestrian,426,377,517,632
000054.jpg.jpg,1920,1080,pedestrian,622,321,783,787
000054.jpg.jpg,1920,1080,pedestrian,793,342,948,779
000054.jpg.jpg,1920,1080,pedestrian,1505,352,1611,581
000054.jpg.jpg,1920,1080,pedestrian,1711,346,1821,630
000054.jpg.jpg,1920,1080,pedestrian,1781,332,1858,617
000054.jpg.jpg,1920,1080,pedestrian,1348,319,1448,587
000054.jpg.jpg,1920,1080,pedestrian,28,446,97,636
72e26eb6def745cb8ef71e732297d6a3.jpg.jpg,1300,865,pedestrian,1,2,688,822
000417.jpg.jpg,1920,1080,pedestrian,246,425,446,779
000417.jpg.jpg,1920,1080,pedestrian,430,442,595,777
000417.jpg.jpg,1920,1080,pedestrian,572,419,675,719
000417.jpg.jpg,1920,1080,pedestrian,670,399,807,736
000417.jpg.jpg,1920,1080,pedestrian,1040,395,1272,1023
000417.jpg.jpg,1920,1080,pedestrian,862,432,921,609
000150.jpg.jpg,1920,1080,pedestrian,87,291,415,917
000150.jpg.jpg,1920,1080,pedestrian,301,405,440,750
000150.jpg.jpg,1920,1080,pedestrian,446,391,581,760
000150.jpg.jpg,1920,1080,pedestrian,903,219,1242,1064
000150.jpg.jpg,1920,1080,pedestrian,1221,113,1552,1074
39898df0de644e0cadadd8088980b6c0.jpg.jpg,450,167,pedestrian,47,31,92,131
39898df0de644e0cadadd8088980b6c0.jpg.jpg,450,167,pedestrian,112,26,158,155
39898df0de644e0cadadd8088980b6c0.jpg.jpg,450,167,pedestrian,182,29,249,154
39898df0de644e0cadadd8088980b6c0.jpg.jpg,450,167,pedestrian,259,34,322,149
39898df0de644e0cadadd8088980b6c0.jpg.jpg,450,167,pedestrian,312,23,355,146
39898df0de644e0cadadd8088980b6c0.jpg.jpg,450,167,pedestrian,390,37,434,156
e885531419154aa5bc1b4f33891f806e.jpg.jpg,0,0,pedestrian,79,80,300,488
e885531419154aa5bc1b4f33891f806e.jpg.jpg,0,0,pedestrian,255,82,460,507
e885531419154aa5bc1b4f33891f806e.jpg.jpg,0,0,pedestrian,405,19,748,585
e885531419154aa5bc1b4f33891f806e.jpg.jpg,0,0,pedestrian,731,119,857,529
e885531419154aa5bc1b4f33891f806e.jpg.jpg,0,0,pedestrian,644,88,718,266
000220.jpg.jpg,1920,1080,pedestrian,568,456,628,607
000220.jpg.jpg,1920,1080,pedestrian,662,456,728,611
000220.jpg.jpg,1920,1080,pedestrian,858,438,958,695
000220.jpg.jpg,1920,1080,pedestrian,1068,452,1154,658
000220.jpg.jpg,1920,1080,pedestrian,1146,436,1226,646
8811d673f9444e518004711ec9486c01.jpg.jpg,760,507,pedestrian,18,178,106,440
8811d673f9444e518004711ec9486c01.jpg.jpg,760,507,pedestrian,89,162,192,429
8811d673f9444e518004711ec9486c01.jpg.jpg,760,507,pedestrian,191,180,246,311
8811d673f9444e518004711ec9486c01.jpg.jpg,760,507,pedestrian,255,180,298,299
8811d673f9444e518004711ec9486c01.jpg.jpg,760,507,pedestrian,291,169,330,305
8811d673f9444e518004711ec9486c01.jpg.jpg,760,507,pedestrian,309,182,366,330
8811d673f9444e518004711ec9486c01.jpg.jpg,760,507,pedestrian,386,168,440,309
8811d673f9444e518004711ec9486c01.jpg.jpg,760,507,pedestrian,428,187,472,316
8811d673f9444e518004711ec9486c01.jpg.jpg,760,507,pedestrian,539,166,601,329
8811d673f9444e518004711ec9486c01.jpg.jpg,760,507,pedestrian,591,177,642,331
8811d673f9444e518004711ec9486c01.jpg.jpg,760,507,pedestrian,646,177,693,320
8811d673f9444e518004711ec9486c01.jpg.jpg,760,507,pedestrian,719,161,752,237
000218.jpg.jpg,1238,374,pedestrian,443,161,487,290
000218.jpg.jpg,1238,374,pedestrian,478,156,525,280
000218.jpg.jpg,1238,374,pedestrian,598,160,635,237
000398.jpg.jpg,1920,1080,pedestrian,1213,436,1328,746
000398.jpg.jpg,1920,1080,pedestrian,1617,434,1864,785
000214.jpg.jpg,640,480,pedestrian,1,87,106,434
000214.jpg.jpg,640,480,pedestrian,204,148,280,370
000214.jpg.jpg,640,480,pedestrian,284,207,319,315
000214.jpg.jpg,640,480,pedestrian,334,211,373,309
000214.jpg.jpg,640,480,pedestrian,384,210,428,307
000214.jpg.jpg,640,480,pedestrian,429,205,473,311
000214.jpg.jpg,640,480,pedestrian,472,214,501,303
000214.jpg.jpg,640,480,pedestrian,504,216,542,304
000458.jpg.jpg,640,480,pedestrian,13,1,217,480
000458.jpg.jpg,640,480,pedestrian,275,59,399,415
000458.jpg.jpg,640,480,pedestrian,219,161,261,272
000458.jpg.jpg,640,480,pedestrian,393,126,462,327
000458.jpg.jpg,640,480,pedestrian,471,83,632,421
e120d87454da48ae99313da41eaa0685.jpg.jpg,0,0,pedestrian,219,370,338,764
e120d87454da48ae99313da41eaa0685.jpg.jpg,0,0,pedestrian,350,371,465,717
000616.jpg.jpg,1920,1080,pedestrian,124,295,375,948
000616.jpg.jpg,1920,1080,pedestrian,389,393,624,925
000616.jpg.jpg,1920,1080,pedestrian,950,346,1046,591
000616.jpg.jpg,1920,1080,pedestrian,1499,360,1615,609
000616.jpg.jpg,1920,1080,pedestrian,1383,336,1483,609
000616.jpg.jpg,1920,1080,pedestrian,1738,317,1868,656
000418.jpg.jpg,640,480,pedestrian,72,84,210,435
000418.jpg.jpg,640,480,pedestrian,199,173,234,294
000418.jpg.jpg,640,480,pedestrian,279,68,442,480
000418.jpg.jpg,640,480,pedestrian,427,196,477,346
000418.jpg.jpg,640,480,pedestrian,558,72,640,456
000418.jpg.jpg,640,480,pedestrian,501,148,565,328
000153.jpg.jpg,640,480,pedestrian,38,109,116,290
000153.jpg.jpg,640,480,pedestrian,182,89,241,250
000153.jpg.jpg,640,480,pedestrian,257,91,316,251
000153.jpg.jpg,640,480,pedestrian,351,108,404,258
000153.jpg.jpg,640,480,pedestrian,408,111,456,258
000153.jpg.jpg,640,480,pedestrian,451,106,506,259
000050.jpg.jpg,1920,1080,pedestrian,381,258,658,870
000050.jpg.jpg,1920,1080,pedestrian,1340,472,1430,670
000050.jpg.jpg,1920,1080,pedestrian,1313,540,1368,664
000050.jpg.jpg,1920,1080,pedestrian,1566,350,1775,789
000050.jpg.jpg,1920,1080,pedestrian,1779,291,1920,804
000008.jpg.jpg,640,480,pedestrian,81,155,245,450
000008.jpg.jpg,640,480,pedestrian,249,186,308,389
000008.jpg.jpg,640,480,pedestrian,204,208,247,354
000008.jpg.jpg,640,480,pedestrian,465,164,558,420
2bc538aee1c44ce78142dab7d833e54f.jpg.jpg,1800,1199,pedestrian,147,5,597,1118
2bc538aee1c44ce78142dab7d833e54f.jpg.jpg,1800,1199,pedestrian,559,4,1005,1091
2bc538aee1c44ce78142dab7d833e54f.jpg.jpg,1800,1199,pedestrian,944,2,1246,898
2bc538aee1c44ce78142dab7d833e54f.jpg.jpg,1800,1199,pedestrian,1316,7,1646,957
000450.jpg.jpg,1920,1080,pedestrian,1,272,293,913
000450.jpg.jpg,1920,1080,pedestrian,213,195,622,1036
000450.jpg.jpg,1920,1080,pedestrian,1134,362,1309,742
000450.jpg.jpg,1920,1080,pedestrian,1389,438,1487,648
000450.jpg.jpg,1920,1080,pedestrian,1758,397,1913,683
000180.jpg.jpg,768,576,pedestrian,208,160,250,233
000180.jpg.jpg,768,576,pedestrian,370,210,409,298
000180.jpg.jpg,768,576,pedestrian,487,218,531,311
000180.jpg.jpg,768,576,pedestrian,565,214,623,310
000180.jpg.jpg,768,576,pedestrian,589,125,624,202
000180.jpg.jpg,768,576,pedestrian,677,98,699,158
000180.jpg.jpg,768,576,pedestrian,701,98,723,157
6c4cf04553f440579004cede95076c46.jpg.jpg,3888,2592,pedestrian,380,1454,1056,2586
6c4cf04553f440579004cede95076c46.jpg.jpg,3888,2592,pedestrian,908,1358,1240,2190
6c4cf04553f440579004cede95076c46.jpg.jpg,3888,2592,pedestrian,1340,1298,1556,1842
6c4cf04553f440579004cede95076c46.jpg.jpg,3888,2592,pedestrian,2176,1326,2328,1830
6c4cf04553f440579004cede95076c46.jpg.jpg,3888,2592,pedestrian,2080,1450,2200,1790
6c4cf04553f440579004cede95076c46.jpg.jpg,3888,2592,pedestrian,1928,1282,2112,1750
6c4cf04553f440579004cede95076c46.jpg.jpg,3888,2592,pedestrian,1616,1322,1792,1690
6c4cf04553f440579004cede95076c46.jpg.jpg,3888,2592,pedestrian,2768,1278,2888,1562
6c4cf04553f440579004cede95076c46.jpg.jpg,3888,2592,pedestrian,172,1222,392,1562
6c4cf04553f440579004cede95076c46.jpg.jpg,3888,2592,pedestrian,340,1318,524,1642
000290.jpg.jpg,640,480,pedestrian,1,61,175,480
000290.jpg.jpg,640,480,pedestrian,192,92,303,430
000290.jpg.jpg,640,480,pedestrian,288,157,346,341
000290.jpg.jpg,640,480,pedestrian,373,54,482,403
000290.jpg.jpg,640,480,pedestrian,432,31,593,480
000290.jpg.jpg,640,480,pedestrian,154,158,208,331
000748.jpg.jpg,768,576,pedestrian,160,201,196,288
000748.jpg.jpg,768,576,pedestrian,238,209,283,296
000748.jpg.jpg,768,576,pedestrian,373,209,419,302
000748.jpg.jpg,768,576,pedestrian,521,176,562,252
000748.jpg.jpg,768,576,pedestrian,620,215,657,320
000748.jpg.jpg,768,576,pedestrian,644,114,674,174
000216.jpg.jpg,640,480,pedestrian,50,172,88,265
000216.jpg.jpg,640,480,pedestrian,107,173,144,261
000469.jpg.jpg,1920,1080,pedestrian,285,313,409,583
000469.jpg.jpg,1920,1080,pedestrian,575,375,628,497
000469.jpg.jpg,1920,1080,pedestrian,628,364,677,493
000469.jpg.jpg,1920,1080,pedestrian,689,368,724,475
000469.jpg.jpg,1920,1080,pedestrian,924,377,972,485
000469.jpg.jpg,1920,1080,pedestrian,1232,362,1295,552
000469.jpg.jpg,1920,1080,pedestrian,1317,370,1381,558
000469.jpg.jpg,1920,1080,pedestrian,1387,340,1634,793
000704.jpg.jpg,640,480,pedestrian,180,174,233,309
000704.jpg.jpg,640,480,pedestrian,103,190,139,281
000704.jpg.jpg,640,480,pedestrian,238,171,293,322
000704.jpg.jpg,640,480,pedestrian,328,189,369,300
000704.jpg.jpg,640,480,pedestrian,504,191,551,315
000704.jpg.jpg,640,480,pedestrian,546,185,589,311
000478.jpg.jpg,640,480,pedestrian,69,176,115,302
000478.jpg.jpg,640,480,pedestrian,115,170,160,312
000478.jpg.jpg,640,480,pedestrian,214,172,252,302
000478.jpg.jpg,640,480,pedestrian,257,200,290,288
000478.jpg.jpg,640,480,pedestrian,290,187,331,296
000478.jpg.jpg,640,480,pedestrian,334,194,375,294
000478.jpg.jpg,640,480,pedestrian,462,106,558,401
000986.jpg.jpg,640,480,pedestrian,1,152,54,312
000986.jpg.jpg,640,480,pedestrian,167,155,225,317
000986.jpg.jpg,640,480,pedestrian,208,89,308,435
000986.jpg.jpg,640,480,pedestrian,460,55,608,479
000986.jpg.jpg,640,480,pedestrian,408,182,460,309
79a84afd90cb4457b65e5d3ff8011233.jpg.jpg,338,225,pedestrian,117,114,135,155
79a84afd90cb4457b65e5d3ff8011233.jpg.jpg,338,225,pedestrian,87,109,105,153
79a84afd90cb4457b65e5d3ff8011233.jpg.jpg,338,225,pedestrian,133,110,143,143
79a84afd90cb4457b65e5d3ff8011233.jpg.jpg,338,225,pedestrian,261,119,274,149
79a84afd90cb4457b65e5d3ff8011233.jpg.jpg,338,225,pedestrian,302,118,317,167
79a84afd90cb4457b65e5d3ff8011233.jpg.jpg,338,225,pedestrian,180,116,190,147
79a84afd90cb4457b65e5d3ff8011233.jpg.jpg,338,225,pedestrian,3,105,36,166
dab8780121d74f7884f40b9467ccd06c.jpg.jpg,338,225,pedestrian,136,105,168,181
dab8780121d74f7884f40b9467ccd06c.jpg.jpg,338,225,pedestrian,160,91,219,195
dab8780121d74f7884f40b9467ccd06c.jpg.jpg,338,225,pedestrian,113,112,137,157
000020.jpg.jpg,640,480,pedestrian,108,183,147,270
000020.jpg.jpg,640,480,pedestrian,143,174,178,270
000020.jpg.jpg,640,480,pedestrian,234,172,280,281
000020.jpg.jpg,640,480,pedestrian,430,183,465,275
000020.jpg.jpg,640,480,pedestrian,462,172,507,296
8c4e435cf41241c4b353b6b670b8ab59.jpg.jpg,480,342,pedestrian,183,127,271,266
8c4e435cf41241c4b353b6b670b8ab59.jpg.jpg,480,342,pedestrian,255,101,326,250
8c4e435cf41241c4b353b6b670b8ab59.jpg.jpg,480,342,pedestrian,300,98,376,248
000552.jpg.jpg,1920,1080,pedestrian,644,456,683,568
000552.jpg.jpg,1920,1080,pedestrian,713,448,752,550
000552.jpg.jpg,1920,1080,pedestrian,577,452,617,536
000552.jpg.jpg,1920,1080,pedestrian,975,401,1064,705
000552.jpg.jpg,1920,1080,pedestrian,860,417,970,689
000552.jpg.jpg,1920,1080,pedestrian,1073,436,1205,723
000552.jpg.jpg,1920,1080,pedestrian,1532,397,1793,1075
690590625d094a2cb046c1b98a24a485.jpg.jpg,3456,2304,pedestrian,406,1150,656,1750
690590625d094a2cb046c1b98a24a485.jpg.jpg,3456,2304,pedestrian,249,1057,381,1442
690590625d094a2cb046c1b98a24a485.jpg.jpg,3456,2304,pedestrian,795,1125,995,1628
690590625d094a2cb046c1b98a24a485.jpg.jpg,3456,2304,pedestrian,974,1035,1249,1800
690590625d094a2cb046c1b98a24a485.jpg.jpg,3456,2304,pedestrian,1399,1092,1670,1671
690590625d094a2cb046c1b98a24a485.jpg.jpg,3456,2304,pedestrian,1731,1117,1945,1625
690590625d094a2cb046c1b98a24a485.jpg.jpg,3456,2304,pedestrian,1881,1110,2138,1992
690590625d094a2cb046c1b98a24a485.jpg.jpg,3456,2304,pedestrian,2103,1121,2460,2121
690590625d094a2cb046c1b98a24a485.jpg.jpg,3456,2304,pedestrian,2420,1185,2703,1978
690590625d094a2cb046c1b98a24a485.jpg.jpg,3456,2304,pedestrian,2788,1075,3060,1721
570d65e8060d4a52830cd78beb373ee2.jpg.jpg,720,601,pedestrian,166,63,343,540
570d65e8060d4a52830cd78beb373ee2.jpg.jpg,720,601,pedestrian,377,101,519,468
570d65e8060d4a52830cd78beb373ee2.jpg.jpg,720,601,pedestrian,520,174,557,301
570d65e8060d4a52830cd78beb373ee2.jpg.jpg,720,601,pedestrian,577,168,611,276
570d65e8060d4a52830cd78beb373ee2.jpg.jpg,720,601,pedestrian,687,162,720,266
570d65e8060d4a52830cd78beb373ee2.jpg.jpg,720,601,pedestrian,352,191,399,286
18ec44c1f29e45b6a1de7b24f26ae348.jpg.jpg,3072,2304,pedestrian,702,447,1199,1870
18ec44c1f29e45b6a1de7b24f26ae348.jpg.jpg,3072,2304,pedestrian,1162,550,1619,1810
18ec44c1f29e45b6a1de7b24f26ae348.jpg.jpg,3072,2304,pedestrian,1662,457,2246,1900
18ec44c1f29e45b6a1de7b24f26ae348.jpg.jpg,3072,2304,pedestrian,2349,537,2759,1737
000355.jpg.jpg,640,480,pedestrian,78,176,134,315
000355.jpg.jpg,640,480,pedestrian,38,209,68,283
000355.jpg.jpg,640,480,pedestrian,347,165,398,317
66be3bc627ce46b6980c6f2a92a6dd28.jpg.jpg,300,365,pedestrian,62,137,138,347
66be3bc627ce46b6980c6f2a92a6dd28.jpg.jpg,300,365,pedestrian,175,133,259,365
66be3bc627ce46b6980c6f2a92a6dd28.jpg.jpg,300,365,pedestrian,264,122,300,254
0338da4d13194e57a2e25a4e8fdee2cf.jpg.jpg,1600,900,pedestrian,39,142,211,835
0338da4d13194e57a2e25a4e8fdee2cf.jpg.jpg,1600,900,pedestrian,234,101,423,653
0338da4d13194e57a2e25a4e8fdee2cf.jpg.jpg,1600,900,pedestrian,477,153,846,883
0338da4d13194e57a2e25a4e8fdee2cf.jpg.jpg,1600,900,pedestrian,721,125,921,770
0338da4d13194e57a2e25a4e8fdee2cf.jpg.jpg,1600,900,pedestrian,895,152,1046,655
0338da4d13194e57a2e25a4e8fdee2cf.jpg.jpg,1600,900,pedestrian,1056,147,1164,611
0338da4d13194e57a2e25a4e8fdee2cf.jpg.jpg,1600,900,pedestrian,1203,137,1334,657
0338da4d13194e57a2e25a4e8fdee2cf.jpg.jpg,1600,900,pedestrian,1328,160,1488,545
0338da4d13194e57a2e25a4e8fdee2cf.jpg.jpg,1600,900,pedestrian,1434,184,1600,564
000030.jpg.jpg,1920,1080,pedestrian,160,446,248,638
000030.jpg.jpg,1920,1080,pedestrian,262,446,324,628
000030.jpg.jpg,1920,1080,pedestrian,358,436,472,693
000030.jpg.jpg,1920,1080,pedestrian,985,444,1034,552
000030.jpg.jpg,1920,1080,pedestrian,938,450,979,554
000030.jpg.jpg,1920,1080,pedestrian,1193,438,1268,617
000030.jpg.jpg,1920,1080,pedestrian,1252,417,1366,713
963c7015fc684345bb7e2a3b8ff8e3df.jpg.jpg,1536,1024,pedestrian,82,452,431,995
963c7015fc684345bb7e2a3b8ff8e3df.jpg.jpg,1536,1024,pedestrian,618,435,915,987
963c7015fc684345bb7e2a3b8ff8e3df.jpg.jpg,1536,1024,pedestrian,937,441,1205,998
963c7015fc684345bb7e2a3b8ff8e3df.jpg.jpg,1536,1024,pedestrian,1090,449,1364,987
000366.jpg.jpg,1920,1080,pedestrian,13,438,230,842
000366.jpg.jpg,1920,1080,pedestrian,205,411,326,785
000366.jpg.jpg,1920,1080,pedestrian,389,393,611,801
000366.jpg.jpg,1920,1080,pedestrian,903,417,1089,946
000366.jpg.jpg,1920,1080,pedestrian,1070,403,1307,1025
f24a9a8046734f6f9207905475610a47.jpg.jpg,2048,1270,pedestrian,600,221,1070,1261
f24a9a8046734f6f9207905475610a47.jpg.jpg,2048,1270,pedestrian,1132,244,1447,908
f24a9a8046734f6f9207905475610a47.jpg.jpg,2048,1270,pedestrian,1828,130,2048,1035
f24a9a8046734f6f9207905475610a47.jpg.jpg,2048,1270,pedestrian,168,285,419,1010
f24a9a8046734f6f9207905475610a47.jpg.jpg,2048,1270,pedestrian,1,227,198,966
f24a9a8046734f6f9207905475610a47.jpg.jpg,2048,1270,pedestrian,362,285,513,821
f24a9a8046734f6f9207905475610a47.jpg.jpg,2048,1270,pedestrian,558,253,749,915
f24a9a8046734f6f9207905475610a47.jpg.jpg,2048,1270,pedestrian,968,313,1166,1002
f24a9a8046734f6f9207905475610a47.jpg.jpg,2048,1270,pedestrian,1753,238,1877,666
9709ee3c22c34ca991ccd59d556195f0.jpg.jpg,960,638,pedestrian,71,306,172,506
9709ee3c22c34ca991ccd59d556195f0.jpg.jpg,960,638,pedestrian,173,270,345,584
9709ee3c22c34ca991ccd59d556195f0.jpg.jpg,960,638,pedestrian,490,277,585,529
9709ee3c22c34ca991ccd59d556195f0.jpg.jpg,960,638,pedestrian,591,255,741,542
9709ee3c22c34ca991ccd59d556195f0.jpg.jpg,960,638,pedestrian,768,276,909,524
000167.jpg.jpg,1920,1080,pedestrian,528,417,728,921
000167.jpg.jpg,1920,1080,pedestrian,679,442,760,807
000167.jpg.jpg,1920,1080,pedestrian,750,428,862,791
000167.jpg.jpg,1920,1080,pedestrian,852,440,981,744
000167.jpg.jpg,1920,1080,pedestrian,934,430,1009,707
80cd29d2673a407eb7b046954b11afe8.jpg.jpg,1086,760,pedestrian,341,40,623,739
80cd29d2673a407eb7b046954b11afe8.jpg.jpg,1086,760,pedestrian,666,46,1077,723
000520.jpg.jpg,640,480,pedestrian,103,165,151,327
000520.jpg.jpg,640,480,pedestrian,147,181,179,299
000520.jpg.jpg,640,480,pedestrian,229,206,271,287
000520.jpg.jpg,640,480,pedestrian,288,237,320,287
000520.jpg.jpg,640,480,pedestrian,327,208,360,292
000520.jpg.jpg,640,480,pedestrian,370,196,419,308
000520.jpg.jpg,640,480,pedestrian,412,235,463,315
000142.jpg.jpg,1920,1080,pedestrian,883,289,983,560
000142.jpg.jpg,1920,1080,pedestrian,809,309,844,395
000142.jpg.jpg,1920,1080,pedestrian,462,293,532,425
000142.jpg.jpg,1920,1080,pedestrian,1305,285,1428,656
000142.jpg.jpg,1920,1080,pedestrian,1081,281,1238,664
000142.jpg.jpg,1920,1080,pedestrian,1656,266,1797,705
000142.jpg.jpg,1920,1080,pedestrian,1803,279,1920,711
000142.jpg.jpg,1920,1080,pedestrian,1550,285,1601,393
000142.jpg.jpg,1920,1080,pedestrian,1230,295,1275,411
000142.jpg.jpg,1920,1080,pedestrian,652,303,693,401
000142.jpg.jpg,1920,1080,pedestrian,199,315,260,440
6e6fb67cfce14045b375834e19642791.jpg.jpg,720,720,pedestrian,27,276,191,656
6e6fb67cfce14045b375834e19642791.jpg.jpg,720,720,pedestrian,186,311,377,652
6e6fb67cfce14045b375834e19642791.jpg.jpg,720,720,pedestrian,371,324,547,651
6e6fb67cfce14045b375834e19642791.jpg.jpg,720,720,pedestrian,538,303,708,661
cfe2bdc7c6b34ff9ac83dc943de79c41.jpg.jpg,960,640,pedestrian,469,1,900,483
cfe2bdc7c6b34ff9ac83dc943de79c41.jpg.jpg,960,640,pedestrian,125,1,475,391
54d1e83d162c4fc09dc9dc75e6ff2241.jpg.jpg,620,414,pedestrian,252,5,310,188
54d1e83d162c4fc09dc9dc75e6ff2241.jpg.jpg,620,414,pedestrian,290,23,346,204
54d1e83d162c4fc09dc9dc75e6ff2241.jpg.jpg,620,414,pedestrian,401,2,460,211
54d1e83d162c4fc09dc9dc75e6ff2241.jpg.jpg,620,414,pedestrian,455,46,529,230
54d1e83d162c4fc09dc9dc75e6ff2241.jpg.jpg,620,414,pedestrian,523,12,581,157
54d1e83d162c4fc09dc9dc75e6ff2241.jpg.jpg,620,414,pedestrian,193,30,231,109
54d1e83d162c4fc09dc9dc75e6ff2241.jpg.jpg,620,414,pedestrian,224,21,252,101
000703.jpg.jpg,640,480,pedestrian,213,152,277,331
000703.jpg.jpg,640,480,pedestrian,306,172,354,296
000703.jpg.jpg,640,480,pedestrian,345,114,411,372
000703.jpg.jpg,640,480,pedestrian,177,183,213,281
000650.jpg.jpg,640,480,pedestrian,145,139,236,371
000650.jpg.jpg,640,480,pedestrian,507,115,607,403
000650.jpg.jpg,640,480,pedestrian,343,215,363,270
f025d47991674b10a22e0443608007e6.jpg.jpg,736,553,pedestrian,210,124,262,253
000817.jpg.jpg,640,480,pedestrian,53,194,82,244
000817.jpg.jpg,640,480,pedestrian,17,187,43,241
000817.jpg.jpg,640,480,pedestrian,122,139,200,324
000817.jpg.jpg,640,480,pedestrian,182,124,286,366
000817.jpg.jpg,640,480,pedestrian,333,81,423,409
000817.jpg.jpg,640,480,pedestrian,430,160,496,320
000817.jpg.jpg,640,480,pedestrian,286,203,306,251
8c347346542b4a25acd50be5ae3660e0.jpg.jpg,1024,576,pedestrian,52,218,235,536
8c347346542b4a25acd50be5ae3660e0.jpg.jpg,1024,576,pedestrian,120,175,241,487
8c347346542b4a25acd50be5ae3660e0.jpg.jpg,1024,576,pedestrian,331,194,432,421
8c347346542b4a25acd50be5ae3660e0.jpg.jpg,1024,576,pedestrian,437,186,521,386
8c347346542b4a25acd50be5ae3660e0.jpg.jpg,1024,576,pedestrian,517,194,608,409
8c347346542b4a25acd50be5ae3660e0.jpg.jpg,1024,576,pedestrian,566,185,656,447
8c347346542b4a25acd50be5ae3660e0.jpg.jpg,1024,576,pedestrian,678,159,777,427
8c347346542b4a25acd50be5ae3660e0.jpg.jpg,1024,576,pedestrian,807,166,887,410
8c347346542b4a25acd50be5ae3660e0.jpg.jpg,1024,576,pedestrian,769,203,832,372
000334.jpg.jpg,1920,1080,pedestrian,177,393,303,744
000334.jpg.jpg,1920,1080,pedestrian,134,379,213,626
000334.jpg.jpg,1920,1080,pedestrian,70,358,140,581
000334.jpg.jpg,1920,1080,pedestrian,848,372,1030,842
000334.jpg.jpg,1920,1080,pedestrian,1022,364,1195,830
000334.jpg.jpg,1920,1080,pedestrian,1475,315,1570,591
000334.jpg.jpg,1920,1080,pedestrian,1679,321,1797,617
000334.jpg.jpg,1920,1080,pedestrian,1817,326,1920,614
000067.jpg.jpg,640,480,pedestrian,89,199,113,273
000067.jpg.jpg,640,480,pedestrian,115,207,134,269
000067.jpg.jpg,640,480,pedestrian,134,209,153,272
000067.jpg.jpg,640,480,pedestrian,157,209,175,274
000067.jpg.jpg,640,480,pedestrian,184,209,203,269
000067.jpg.jpg,640,480,pedestrian,240,209,263,268
000067.jpg.jpg,640,480,pedestrian,297,198,328,270
000067.jpg.jpg,640,480,pedestrian,412,61,553,451
000067.jpg.jpg,640,480,pedestrian,528,31,640,420
000067.jpg.jpg,640,480,pedestrian,406,192,447,278
000437.jpg.jpg,1920,1080,pedestrian,1326,446,1448,732
000437.jpg.jpg,1920,1080,pedestrian,1542,434,1685,807
000437.jpg.jpg,1920,1080,pedestrian,672,466,717,548
540d976872b3484ea7056f9c538fb75f.jpg.jpg,1600,1600,pedestrian,74,645,277,1154
540d976872b3484ea7056f9c538fb75f.jpg.jpg,1600,1600,pedestrian,388,698,432,835
540d976872b3484ea7056f9c538fb75f.jpg.jpg,1600,1600,pedestrian,439,689,493,842
540d976872b3484ea7056f9c538fb75f.jpg.jpg,1600,1600,pedestrian,530,666,621,931
540d976872b3484ea7056f9c538fb75f.jpg.jpg,1600,1600,pedestrian,630,591,940,1600
540d976872b3484ea7056f9c538fb75f.jpg.jpg,1600,1600,pedestrian,1018,431,1561,1600
000004.jpg.jpg,640,480,pedestrian,33,184,101,343
000004.jpg.jpg,640,480,pedestrian,168,189,209,306
000004.jpg.jpg,640,480,pedestrian,218,211,245,286
000004.jpg.jpg,640,480,pedestrian,250,176,302,307
000004.jpg.jpg,640,480,pedestrian,296,187,339,310
000319.jpg.jpg,768,576,pedestrian,185,171,221,241
000319.jpg.jpg,768,576,pedestrian,247,192,287,278
000319.jpg.jpg,768,576,pedestrian,285,162,323,248
000319.jpg.jpg,768,576,pedestrian,591,177,629,262
000319.jpg.jpg,768,576,pedestrian,623,181,656,264
000400.jpg.jpg,1920,1080,pedestrian,597,309,864,852
000400.jpg.jpg,1920,1080,pedestrian,893,313,1142,834
000400.jpg.jpg,1920,1080,pedestrian,1554,425,1675,679
000400.jpg.jpg,1920,1080,pedestrian,1679,407,1807,687
000400.jpg.jpg,1920,1080,pedestrian,1822,438,1893,634
417eec5a5f664136b6dc7d14e3846f54.jpg.jpg,6000,3376,pedestrian,550,841,1606,3135
417eec5a5f664136b6dc7d14e3846f54.jpg.jpg,6000,3376,pedestrian,2212,1222,2844,3222
417eec5a5f664136b6dc7d14e3846f54.jpg.jpg,6000,3376,pedestrian,2962,1172,3744,2935
417eec5a5f664136b6dc7d14e3846f54.jpg.jpg,6000,3376,pedestrian,3619,1235,4206,2960
417eec5a5f664136b6dc7d14e3846f54.jpg.jpg,6000,3376,pedestrian,4237,1391,4831,2741
417eec5a5f664136b6dc7d14e3846f54.jpg.jpg,6000,3376,pedestrian,4737,1341,5369,3166
417eec5a5f664136b6dc7d14e3846f54.jpg.jpg,6000,3376,pedestrian,5562,1147,6000,2955
000009.jpg.jpg,640,480,pedestrian,53,98,126,325
000009.jpg.jpg,640,480,pedestrian,215,94,313,319
000009.jpg.jpg,640,480,pedestrian,362,81,466,327
000009.jpg.jpg,640,480,pedestrian,462,87,546,324
000009.jpg.jpg,640,480,pedestrian,562,84,640,284
000900.jpg.jpg,640,480,pedestrian,138,178,196,307
000900.jpg.jpg,640,480,pedestrian,31,177,96,314
000900.jpg.jpg,640,480,pedestrian,252,202,279,283
000900.jpg.jpg,640,480,pedestrian,297,210,326,282
000900.jpg.jpg,640,480,pedestrian,326,216,360,278
000900.jpg.jpg,640,480,pedestrian,425,195,473,302
000750.jpg.jpg,640,480,pedestrian,98,110,181,332
000750.jpg.jpg,640,480,pedestrian,171,91,278,425
000750.jpg.jpg,640,480,pedestrian,1,46,84,416
000750.jpg.jpg,640,480,pedestrian,325,95,421,394
000002.jpg.jpg,640,480,pedestrian,288,153,354,330
000002.jpg.jpg,640,480,pedestrian,221,181,259,285
000002.jpg.jpg,640,480,pedestrian,453,210,482,275
57a02e637b614bd49a7d4305ac66ca27.jpg.jpg,900,506,pedestrian,586,176,699,414
57a02e637b614bd49a7d4305ac66ca27.jpg.jpg,900,506,pedestrian,741,164,837,401
000340.jpg.jpg,640,480,pedestrian,13,110,109,295
000340.jpg.jpg,640,480,pedestrian,236,9,431,480
000340.jpg.jpg,640,480,pedestrian,473,62,599,359
000340.jpg.jpg,640,480,pedestrian,460,116,521,342
000630.jpg.jpg,640,480,pedestrian,195,113,282,377
000630.jpg.jpg,640,480,pedestrian,274,105,356,377
000630.jpg.jpg,640,480,pedestrian,314,1,615,480
000630.jpg.jpg,640,480,pedestrian,1,1,178,480
000630.jpg.jpg,640,480,pedestrian,162,129,219,316
000266.jpg.jpg,640,480,pedestrian,88,205,119,272
000266.jpg.jpg,640,480,pedestrian,117,215,138,271
000266.jpg.jpg,640,480,pedestrian,138,194,166,285
000266.jpg.jpg,640,480,pedestrian,173,188,211,291
000266.jpg.jpg,640,480,pedestrian,225,195,266,295
000173.jpg.jpg,640,480,pedestrian,97,120,234,431
000173.jpg.jpg,640,480,pedestrian,200,104,336,411
000173.jpg.jpg,640,480,pedestrian,332,169,404,353
000173.jpg.jpg,640,480,pedestrian,397,125,538,479
000173.jpg.jpg,640,480,pedestrian,1,65,96,471
000332.jpg.jpg,1238,374,pedestrian,522,171,589,305
000332.jpg.jpg,1238,374,pedestrian,620,165,679,277
000332.jpg.jpg,1238,374,pedestrian,668,155,710,271
000332.jpg.jpg,1238,374,pedestrian,689,171,767,342
000332.jpg.jpg,1238,374,pedestrian,760,167,816,290
000332.jpg.jpg,1238,374,pedestrian,860,166,944,362
000440.jpg.jpg,640,480,pedestrian,4,150,99,408
287a7022b71b4a309e0715c442f25891.jpg.jpg.jpg,1000,1000,pedestrian,34,291,391,807
000402.jpg.jpg,640,480,pedestrian,14,127,101,370
000402.jpg.jpg,640,480,pedestrian,295,204,319,271
000402.jpg.jpg,640,480,pedestrian,320,224,347,270
000402.jpg.jpg,640,480,pedestrian,270,207,295,263
000402.jpg.jpg,640,480,pedestrian,254,226,278,265
000402.jpg.jpg,640,480,pedestrian,203,204,222,258
115927a2598a4b038f72bff1a9bd1a96.jpg.jpg,450,323,pedestrian,157,1,290,276
115927a2598a4b038f72bff1a9bd1a96.jpg.jpg,450,323,pedestrian,89,1,198,269
000014.jpg.jpg,640,480,pedestrian,4,190,64,358
000014.jpg.jpg,640,480,pedestrian,125,186,179,361
000014.jpg.jpg,640,480,pedestrian,215,181,304,335
000014.jpg.jpg,640,480,pedestrian,289,169,356,357
000014.jpg.jpg,640,480,pedestrian,484,171,549,326
000118.jpg.jpg,640,480,pedestrian,18,175,86,362
000118.jpg.jpg,640,480,pedestrian,379,169,473,349
000118.jpg.jpg,640,480,pedestrian,473,172,555,335
000118.jpg.jpg,640,480,pedestrian,571,172,640,348
001156.jpg.jpg,640,480,pedestrian,115,105,242,393
001156.jpg.jpg,640,480,pedestrian,258,98,357,409
000393.jpg.jpg,640,480,pedestrian,204,161,260,314
000393.jpg.jpg,640,480,pedestrian,258,161,304,318
000393.jpg.jpg,640,480,pedestrian,488,103,640,415
60d78e841f00464f80b4c75a4df25b92.jpg.jpg,640,425,pedestrian,96,54,223,380
60d78e841f00464f80b4c75a4df25b92.jpg.jpg,640,425,pedestrian,234,51,365,380
60d78e841f00464f80b4c75a4df25b92.jpg.jpg,640,425,pedestrian,404,58,520,375
000498.jpg.jpg,1920,1080,pedestrian,152,291,275,601
000498.jpg.jpg,1920,1080,pedestrian,15,342,111,570
000498.jpg.jpg,1920,1080,pedestrian,666,360,717,483
000498.jpg.jpg,1920,1080,pedestrian,617,372,666,487
000498.jpg.jpg,1920,1080,pedestrian,1021,352,1062,474
000498.jpg.jpg,1920,1080,pedestrian,1058,360,1097,475
000498.jpg.jpg,1920,1080,pedestrian,948,374,989,483
000498.jpg.jpg,1920,1080,pedestrian,983,368,1022,474
000498.jpg.jpg,1920,1080,pedestrian,1411,346,1473,560
000498.jpg.jpg,1920,1080,pedestrian,1554,325,1662,611
000498.jpg.jpg,1920,1080,pedestrian,1638,315,1919,942
000837.jpg.jpg,640,480,pedestrian,80,103,164,368
000837.jpg.jpg,640,480,pedestrian,160,141,215,359
000837.jpg.jpg,640,480,pedestrian,224,146,278,300
000837.jpg.jpg,640,480,pedestrian,273,163,316,269
000837.jpg.jpg,640,480,pedestrian,333,126,401,332
000837.jpg.jpg,640,480,pedestrian,386,109,494,390
000085.jpg.jpg,640,480,pedestrian,108,187,157,306
000085.jpg.jpg,640,480,pedestrian,155,206,180,302
000085.jpg.jpg,640,480,pedestrian,177,195,214,308
000085.jpg.jpg,640,480,pedestrian,213,209,251,310
000085.jpg.jpg,640,480,pedestrian,312,226,341,278
000085.jpg.jpg,640,480,pedestrian,357,224,378,278
000085.jpg.jpg,640,480,pedestrian,430,215,465,301
000085.jpg.jpg,640,480,pedestrian,544,233,567,293
000850.jpg.jpg,640,480,pedestrian,124,146,208,342
000850.jpg.jpg,640,480,pedestrian,289,170,350,340
000850.jpg.jpg,640,480,pedestrian,386,220,409,267
000013.jpg.jpg,640,480,pedestrian,375,167,437,330
000013.jpg.jpg,640,480,pedestrian,447,145,513,366
000013.jpg.jpg,640,480,pedestrian,511,154,593,376
000013.jpg.jpg,640,480,pedestrian,302,220,323,270
000013.jpg.jpg,640,480,pedestrian,323,226,341,268
000013.jpg.jpg,640,480,pedestrian,368,222,391,276
d1607166d3b44ce9a86afe8c947278cc.jpg.jpg,399,266,pedestrian,228,78,298,212
000545.jpg.jpg,1920,1080,pedestrian,275,346,407,664
000545.jpg.jpg,1920,1080,pedestrian,352,277,636,1072
000545.jpg.jpg,1920,1080,pedestrian,646,385,850,1044
000545.jpg.jpg,1920,1080,pedestrian,1421,328,1526,583
000545.jpg.jpg,1920,1080,pedestrian,1691,309,1813,648
4f490216853349cd8639a9099bf00272.jpg.jpg,620,413,pedestrian,247,14,340,287
4f490216853349cd8639a9099bf00272.jpg.jpg,620,413,pedestrian,320,58,371,273
4f490216853349cd8639a9099bf00272.jpg.jpg,620,413,pedestrian,376,117,435,275
001068.jpg.jpg,640,480,pedestrian,116,117,193,331
001068.jpg.jpg,640,480,pedestrian,169,76,249,364
001068.jpg.jpg,640,480,pedestrian,382,105,479,408
001068.jpg.jpg,640,480,pedestrian,546,146,623,313
001068.jpg.jpg,640,480,pedestrian,275,193,306,256
000601.jpg.jpg,640,480,pedestrian,333,144,425,371
000601.jpg.jpg,640,480,pedestrian,456,114,577,452
000601.jpg.jpg,640,480,pedestrian,234,196,271,296
000601.jpg.jpg,640,480,pedestrian,178,198,214,290
d43416d8ce854df7a016a10c0bf298e1.jpg.jpg,1012,668,pedestrian,209,161,286,360
d43416d8ce854df7a016a10c0bf298e1.jpg.jpg,1012,668,pedestrian,603,99,762,528
000253.jpg.jpg,640,480,pedestrian,193,174,251,328
000253.jpg.jpg,640,480,pedestrian,244,196,282,285
000253.jpg.jpg,640,480,pedestrian,381,159,472,352
000253.jpg.jpg,640,480,pedestrian,341,223,356,258
000041.jpg.jpg,640,480,pedestrian,6,174,108,390
000041.jpg.jpg,640,480,pedestrian,72,166,158,418
000041.jpg.jpg,640,480,pedestrian,304,214,389,375
000041.jpg.jpg,640,480,pedestrian,393,148,499,458
000152.jpg.jpg,640,480,pedestrian,154,178,202,309
000152.jpg.jpg,640,480,pedestrian,199,192,243,310
000152.jpg.jpg,640,480,pedestrian,528,204,567,300
000152.jpg.jpg,640,480,pedestrian,610,215,628,262
6fe8f13e556c4f61a775515dfb1a90bf.jpg.jpg,612,408,pedestrian,240,183,303,374
6fe8f13e556c4f61a775515dfb1a90bf.jpg.jpg,612,408,pedestrian,315,201,358,340
6fe8f13e556c4f61a775515dfb1a90bf.jpg.jpg,612,408,pedestrian,410,196,433,274
6fe8f13e556c4f61a775515dfb1a90bf.jpg.jpg,612,408,pedestrian,391,199,410,267
6fe8f13e556c4f61a775515dfb1a90bf.jpg.jpg,612,408,pedestrian,145,191,182,277
6fe8f13e556c4f61a775515dfb1a90bf.jpg.jpg,612,408,pedestrian,45,204,88,320
6fe8f13e556c4f61a775515dfb1a90bf.jpg.jpg,612,408,pedestrian,6,192,48,320
6fe8f13e556c4f61a775515dfb1a90bf.jpg.jpg,612,408,pedestrian,78,198,108,283
6fe8f13e556c4f61a775515dfb1a90bf.jpg.jpg,612,408,pedestrian,455,207,522,405
6fe8f13e556c4f61a775515dfb1a90bf.jpg.jpg,612,408,pedestrian,432,196,480,354
6fe8f13e556c4f61a775515dfb1a90bf.jpg.jpg,612,408,pedestrian,505,181,577,408
6fe8f13e556c4f61a775515dfb1a90bf.jpg.jpg,612,408,pedestrian,577,197,610,298
000597.jpg.jpg,1920,1080,pedestrian,1015,432,1109,675
000597.jpg.jpg,1920,1080,pedestrian,1105,407,1199,705
000597.jpg.jpg,1920,1080,pedestrian,1195,423,1272,693
000597.jpg.jpg,1920,1080,pedestrian,1252,432,1370,721
000351.jpg.jpg,640,480,pedestrian,41,128,178,413
000351.jpg.jpg,640,480,pedestrian,197,200,222,272
000351.jpg.jpg,640,480,pedestrian,173,204,199,270
000351.jpg.jpg,640,480,pedestrian,258,210,278,270
000351.jpg.jpg,640,480,pedestrian,278,228,295,266
000351.jpg.jpg,640,480,pedestrian,223,215,245,263
000205.jpg.jpg,640,480,pedestrian,159,202,195,285
000205.jpg.jpg,640,480,pedestrian,210,221,227,266
000205.jpg.jpg,640,480,pedestrian,223,218,243,271
000205.jpg.jpg,640,480,pedestrian,275,216,301,278
000205.jpg.jpg,640,480,pedestrian,580,199,632,315
000094.jpg.jpg,1224,370,pedestrian,586,128,627,259
000094.jpg.jpg,1224,370,pedestrian,634,146,681,253
000094.jpg.jpg,1224,370,pedestrian,707,148,756,245
000094.jpg.jpg,1224,370,pedestrian,826,143,897,329
000336.jpg.jpg,1242,375,pedestrian,247,169,315,367
000336.jpg.jpg,1242,375,pedestrian,309,183,379,365
000336.jpg.jpg,1242,375,pedestrian,758,154,806,276
000336.jpg.jpg,1242,375,pedestrian,814,149,863,278
000154.jpg.jpg,640,480,pedestrian,23,2,228,480
000154.jpg.jpg,640,480,pedestrian,186,19,289,437
000154.jpg.jpg,640,480,pedestrian,303,1,597,480
000154.jpg.jpg,640,480,pedestrian,528,193,549,252
000088.jpg.jpg,1920,1080,pedestrian,562,440,650,617
000088.jpg.jpg,1920,1080,pedestrian,813,454,870,609
000088.jpg.jpg,1920,1080,pedestrian,872,460,936,597
000088.jpg.jpg,1920,1080,pedestrian,1305,458,1422,674
000088.jpg.jpg,1920,1080,pedestrian,1413,444,1497,715
000006.jpg.jpg,640,480,pedestrian,37,140,112,356
000006.jpg.jpg,640,480,pedestrian,141,152,223,341
000006.jpg.jpg,640,480,pedestrian,222,202,248,265
000006.jpg.jpg,640,480,pedestrian,247,194,274,263
000006.jpg.jpg,640,480,pedestrian,273,201,290,263
84887e9c552d4f2b85809edde8646097.jpg.jpg,682,282,pedestrian,22,1,148,196
84887e9c552d4f2b85809edde8646097.jpg.jpg,682,282,pedestrian,171,1,303,235
84887e9c552d4f2b85809edde8646097.jpg.jpg,682,282,pedestrian,342,1,483,276
000185.jpg.jpg,640,480,pedestrian,50,199,139,352
000185.jpg.jpg,640,480,pedestrian,123,167,173,335
000185.jpg.jpg,640,480,pedestrian,161,174,217,331
21f521a8d9f448d894ef277d4f856104.jpg.jpg,300,200,pedestrian,41,46,96,154
21f521a8d9f448d894ef277d4f856104.jpg.jpg,300,200,pedestrian,85,21,146,153
21f521a8d9f448d894ef277d4f856104.jpg.jpg,300,200,pedestrian,100,36,183,171
21f521a8d9f448d894ef277d4f856104.jpg.jpg,300,200,pedestrian,145,71,201,167
